id	word
0	limited
1	all
2	since
3	revoke
4	Many
5	switched
6	issued
7	delegate_cur_info
8	both
9	truncated
10	results
11	existing
12	Right
13	LINK4args
14	attrs
15	Delegations
16	SETCLIENTID_CONFIRM
17	follow
18	lookup
19	saved
20	delegate_type
21	issues
22	devoted
23	whose
24	Non
25	const
26	violate
27	Parent
28	retransmitting
29	IMPLEMENTATION
30	Object
31	createmode
32	including
33	accessrights
34	environment
35	0
36	critical
37	those
38	under
39	NFS4ERR_LOCK_RANGE
40	NFS4ERR_BAD_RECLAIM
41	include
42	sent
43	overlaps
44	rejected
45	returned
46	synchronized
47	without
48	very
49	void
50	continues
51	Bytes
52	multi
53	choice
54	every
55	decide
56	entries
57	GETATTRs
58	affect
59	NF4CHR
60	exact
61	CB_GETATTR
62	rejects
63	arrange
64	four
65	share_access
66	0x00000020
67	immediately
68	MAY
69	issue
70	who
71	rights
72	make
73	occurs
74	try
75	LOCKU4res
76	createtype4
77	authorized
78	NFS_LIMIT_BLOCKS
79	LOCK4res
80	small
81	Rights
82	refer
83	fashion
84	noted
85	reclaiming
86	ACL
87	prevent
88	unexpected
89	cfh
90	incremented
91	indefinitely
92	DELEGPURGE
93	implementer
94	limitby
95	Test
96	State
97	A
98	evaluated
99	reply
100	further
101	createattrs
102	openhow
103	CLOSE4args
104	even
105	established
106	errors
107	sub
108	openflag4
109	unsynchronized
110	specification
111	lead
112	supplied
113	18
114	current
115	CLAIM_NULL
116	Link
117	above
118	open_delegation_type4
119	new
120	principal
121	method
122	themselves
123	metadata
124	NVERIFY
125	full
126	reliably
127	desires
128	Cached
129	NFS4ERR_ATTRNOTSUPP
130	presence
131	LOCKU
132	component
133	DELEGPURGE4res
134	ranges
135	desired
136	objects
137	NFS
138	RESULT
139	linktext4
140	others
141	represented
142	ignore
143	Changes
144	LOCK4denied
145	change
146	obtained
147	sending
148	credentials
149	receive
150	32
151	changed
152	GETATTR4args
153	reason
154	commonly
155	bitmask
156	ACCESS4_EXTEND
157	resulting
158	NFS4_UINT64_MAX
159	situations
160	NOT
161	proceeds
162	CLAIM_PREVIOUS
163	mod_blocks
164	makes
165	reclaim
166	encountering
167	appropriately
168	named
169	via
170	useful
171	reclaimed
172	READ
173	delegate_stateid
174	When
175	NFS4_OK
176	SAVED_FH
177	conditions
178	conflicts
179	flexibility
180	boolean
181	Therefore
182	Info
183	perhaps
184	apply
185	earlier
186	complex
187	delegated
188	DELEGRETURN4res
189	use
190	CLOSE4res
191	from
192	proceed
193	would
194	to
195	remains
196	illegal
197	resolves
198	contains
199	createverf
200	two
201	impose
202	performs
203	comparing
204	circumstances
205	call
206	lock
207	timing
208	survive
209	associated
210	type
211	until
212	authorization
213	more
214	subset
215	Stateid
216	successful
217	initial
218	mask
219	Verify
220	Upon
221	claiming
222	meant
223	ACEs
224	flag
225	implementations
226	particular
227	known
228	cases
229	hold
230	blocking
231	must
232	querying
233	context
234	locked
235	ACCESS4resok
236	locks
237	this
238	recall
239	originally
240	clients
241	modified
242	DELEGRETURN
243	locker4
244	locker
245	itself
246	values
247	can
248	resembles
249	following
250	making
251	OPEN4args
252	root
253	example
254	performed
255	control
256	claim
257	OPEN4_SHARE_ACCESS_READ
258	links
259	process
260	attribute
261	share
262	accept
263	synchronizes
264	indicates
265	application
266	Execute
267	objname
268	allowed
269	exclude
270	mixes
271	occur
272	guarantee
273	information
274	needs
275	end
276	SETATTR
277	subdirectory
278	rather
279	verify
280	discussion
281	permission
282	namespace
283	SYNOPSIS
284	1
285	how
286	nowhere
287	UNSTABLE4
288	instead
289	open_delegation4
290	parameter
291	implicitly
292	pub
293	NF4LNK
294	blocks
295	description
296	may
297	space_limit
298	after
299	mapping
300	Because
301	reflect
302	permanent
303	voluntarily
304	opening
305	insufficient
306	such
307	data
308	response
309	types
310	recovery
311	a
312	Exclusive
313	All
314	attempt
315	imply
316	filehandles
317	open_read_delegation4
318	correspond
319	Delegation
320	callback
321	switch
322	maintain
323	so
324	specifying
325	File
326	definitions
327	NFS4ERR_NOENT
328	granted
329	num_blocks
330	operations
331	integrated
332	holds
333	ACCESS4_LOOKUP
334	6
335	RFC1813
336	over
337	verifiers
338	vary
339	confirm
340	conflict
341	held
342	fattr4
343	LINK
344	during
345	differs
346	existence
347	Ordinary
348	still
349	TRUE
350	its
351	before
352	write
353	don
354	derive
355	group
356	ACE
357	fit
358	CREATE4resok
359	NFS4ERR_BAD_SEQID
360	windows
361	No
362	verifier
363	actually
364	NFS4ERR_BADNAME
365	OPENATTR
366	GETFH
367	systems
368	inspecting
369	createmode4
370	Using
371	Once
372	might
373	setting
374	outside
375	then
376	non
377	grace
378	affected
379	greater
380	combination
381	CLAIM_DELEGATE_PREV
382	matches
383	NFS4ERR_SYMLINK
384	nfsstat4
385	guess
386	cover
387	reflected
388	open_claim4
389	framework
390	recalling
391	prefix
392	they
393	not
394	determines
395	CURRENT_FH
396	lock_owner
397	Until
398	nor
399	permissions
400	Pre
401	represents
402	execute
403	bitmasks
404	name
405	Recovery
406	fully
407	reasonably
408	NFS4ERR_SAME
409	identified
410	NF4FIFO
411	capability
412	PUTFH
413	FILE_SYNC4
414	API
415	Simply
416	mode
417	each
418	crossing
419	did
420	identifier
421	crash
422	Check
423	erroneous
424	Previous
425	offset4
426	LOOKUPP
427	flushing
428	storage
429	expire
430	directly
431	doing
432	series
433	hard
434	Except
435	new_lock_owner
436	Next
437	nfs_space_limit4
438	ACCESS4_EXECUTE
439	replay
440	remove
441	presumed
442	Filehandle
443	beyond
444	Type
445	event
446	special
447	out
448	reused
449	them
450	opened
451	space
452	REQUIRED
453	SHARE
454	reboot
455	NFS4ERR_PERM
456	emulate
457	resolve
458	7
459	NVERIFY4res
460	newly
461	receiving
462	supports
463	correct
464	common
465	linkdata
466	provide
467	COMMIT4res
468	assured
469	offsets
470	This
471	closes
472	activity
473	mechanisms
474	little
475	free
476	effect
477	GUARDED4
478	Record
479	completely
480	necessarily
481	fattr
482	COMPOUND
483	ask
484	DATA_SYNC4
485	byte
486	beginning
487	afterward
488	Delete
489	definition
490	volatile
491	READ_LT
492	derivation
493	LINK4res
494	created
495	deprecated
496	could
497	transition
498	OPEN4resok
499	fsync
500	Servers
501	creates
502	opentype
503	length
504	atomically
505	awaiting
506	due
507	uses
508	scheme
509	open_claim_type4
510	first
511	Even
512	info
513	already
514	ignored
515	question
516	There
517	symbolic
518	number
519	one
520	OPEN4_RESULT_CONFIRM
521	done
522	notify
523	another
524	owner
525	signify
526	numlinks
527	open
528	reliable
529	encodes
530	size
531	received
532	given
533	management
534	checked
535	exists
536	likely
537	needed
538	ordering
539	top
540	system
541	construct
542	t
543	indicate
544	returns
545	2
546	g
547	too
548	statement
549	Such
550	enforce
551	perfectly
552	bits
553	final
554	OPENs
555	lease
556	EXCLUSIVE4
557	waiting
558	OPEN_DELEGATE_READ
559	releases
560	that
561	completed
562	exactly
563	UNCHECKED4
564	immediate
565	delegation_type
566	checking
567	released
568	part
569	open_stateid
570	simulate
571	COMMIT
572	explained
573	Warning
574	representing
575	than
576	semantics
577	11
578	10
579	13
580	12
581	FALSE
582	target
583	17
584	16
585	Data
586	GETATTR4res
587	zero
588	NFS4ERR_ISDIR
589	recording
590	matter
591	See
592	future
593	LOOKUP
594	recovered
595	were
596	normally
597	similar
598	treated
599	result
600	and
601	files
602	enumerated
603	false
604	behavior
605	READW_LT
606	outstanding
607	governing
608	unchanged
609	LOOKUPP4res
610	argument
611	Current
612	retransmitted
613	RECOMMENDED
614	verifier4
615	have
616	dictate
617	need
618	ACCESS4args
619	COMMIT4resok
620	linked
621	contents
622	supply
623	paths
624	depending
625	check
626	responsible
627	able
628	Unlock
629	mechanism
630	instance
631	RPC
632	issuing
633	Operating
634	build
635	which
636	OPEN4_CREATE
637	wanting
638	Awaiting
639	ACCESS4_DELETE
640	With
641	OPEN4_SHARE_DENY_WRITE
642	NFS4ERR_NOTDIR
643	memory
644	begin
645	added
646	multiple
647	allow
648	Unlike
649	though
650	buffer
651	sets
652	reach
653	ARGUMENT
654	LINK4resok
655	LOCKU4args
656	open_to_lock_owner
657	most
658	regular
659	propagate
660	overlapping
661	sfh
662	position
663	nothing
664	attrvals
665	The
666	had
667	0x00000002
668	deny
669	nfs_fh4
670	enumerating
671	GETFH4res
672	0x00000004
673	considered
674	Lock
675	0x00000008
676	gather
677	request
678	Regular
679	face
680	looked
681	deleg_stateid
682	points
683	objtype
684	Suppose
685	left
686	typically
687	notion
688	fact
689	OPEN4_SHARE_DENY_NONE
690	advisory
691	particularly
692	location
693	accessreq
694	supported
695	claims
696	basic
697	recovering
698	uncommitted
699	shares
700	WRITE_LT
701	rdattr_error
702	determined
703	MUST
704	completion
705	access
706	inappropriate
707	based
708	retransmission
709	parameters
710	OPEN4_SHARE_DENY_BOTH
711	implementation
712	true
713	writes
714	Similarly
715	3
716	nfs_ftype4
717	should
718	failed
719	only
720	explicitly
721	specify
722	WRITEW_LT
723	inherited
724	8
725	local
726	locktype
727	achieve
728	DELEGPURGE4args
729	do
730	OPEN4_SHARE_ACCESS_BOTH
731	handle
732	establishes
733	getpwnam
734	means
735	committed
736	succeeded
737	attrset
738	SHAREs
739	deleting
740	cannot
741	LOCKT4res
742	invoked
743	network
744	During
745	combinations
746	15
747	interrogated
748	designates
749	restart
750	14
751	Access
752	NF4BLK
753	bar
754	attrbits
755	cached
756	fields
757	ACCESS4res
758	bytes
759	NFS4ERR_ROFS
760	cinfo
761	public
762	lock_owner4
763	whether
764	underlying
765	processed
766	EINVAL
767	contain
768	release
769	through
770	where
771	valid
772	view
773	respond
774	fcntl
775	requirement
776	set
777	mandatory
778	decisions
779	For
780	tree
781	Create
782	LOCK4resok
783	NFS4ERR_LOCK_NOTSUPP
784	maximum
785	writable
786	see
787	Various
788	are
789	synchronize
790	fail
791	close
792	createhow4
793	file_delegate_prev
794	subject
795	GETFH4resok
796	fails
797	detect
798	containing
799	Commit
800	attempting
801	subsequent
802	user
803	currently
804	nfs_lock_type4s
805	filename
806	arbitrary
807	state
808	unable
809	various
810	between
811	mismatch
812	probably
813	neither
814	encounters
815	checks
816	available
817	never
818	parent
819	0x00000010
820	unlocks
821	modify
822	however
823	Implementers
824	butthe
825	implementing
826	UNIX
827	rules
828	accessible
829	Directory
830	NFS4ERR_BAD_RANGE
831	users
832	relying
833	Otherwise
834	LOCK4args
835	uint64_t
836	last
837	revoked
838	resides
839	always
840	many
841	region
842	Doing
843	equal
844	against
845	CREATE4res
846	cache
847	s
848	attempted
849	Result
850	receives
851	exceeds
852	attributes
853	requests
854	whole
855	finds
856	otherwise
857	reside
858	among
859	permitted
860	separation
861	treats
862	point
863	simple
864	effective
865	address
866	corresponds
867	whatever
868	except
869	Note
870	controls
871	written
872	64
873	right
874	share_deny
875	respect
876	allocated
877	parsing
878	worthwhile
879	2000
880	applies
881	described
882	second
883	Get
884	union
885	create
886	locally
887	ing
888	three
889	been
890	quickly
891	OPEN_DELEGATE_NONE
892	Most
893	resok4
894	interpret
895	interest
896	NFS4ERR_NOTSUPP
897	expected
898	applying
899	retransmissions
900	exist_lock_owner4
901	choose
902	wants
903	NFS4ERR_INVAL
904	corresponding
905	IDs
906	restrictions
907	LOCK
908	sufficient
909	symlinks
910	else
911	Purge
912	recalled
913	writeverf
914	POSIX
915	general
916	opentype4
917	present
918	case
919	exception
920	handling
921	look
922	How
923	these
924	administrative
925	mount
926	as
927	value
928	choices
929	will
930	while
931	replaced
932	safely
933	LOCKT
934	error
935	evaluates
936	properly
937	property
938	Open
939	Any
940	procedure
941	SAVEFH
942	NFS_LIMIT_SIZE
943	nfs_modified_limit4
944	generate
945	OPEN_DELEGATE_WRITE
946	exclusive
947	newname
948	allows
949	is
950	delaying
951	thus
952	it
953	clientid
954	encountered
955	Write
956	examined
957	open_owner
958	in
959	claimed
960	return
961	id
962	examine
963	if
964	AUTH_SYS
965	COMMIT4args
966	different
967	NFS4ERR_DELAY
968	shuts
969	handled
970	etc
971	perform
972	solely
973	CREATE
974	belong
975	locking
976	cross
977	same
978	any
979	component4
980	authentication
981	periodic
982	potentially
983	arguments
984	NFS4_UINT32_MAX
985	9
986	events
987	resources
988	NF4SOCK
989	status
990	conflicting
991	used
992	UTF
993	assigns
994	upon
995	change_info4
996	LOOKUP4args
997	filenames
998	lock_stateid
999	purpose
1000	changing
1001	ID
1002	identity
1003	NFSv4
1004	transaction
1005	partition
1006	modes
1007	database
1008	i
1009	Conversely
1010	well
1011	It
1012	know
1013	length4
1014	ACCESS
1015	Read
1016	client
1017	flags
1018	time_modify_set
1019	uint32_t
1020	In
1021	fsids
1022	entry
1023	the
1024	unrecovered
1025	persistently
1026	If
1027	After
1028	protocol
1029	just
1030	less
1031	being
1032	upgrading
1033	NF4DIR
1034	obtain
1035	bitmap
1036	assigned
1037	GETATTR
1038	stored
1039	identify
1040	atomic
1041	NFS4ERR_GRACE
1042	Attributes
1043	followed
1044	DENY_NONE
1045	instantiation
1046	previous
1047	generates
1048	open_seqid
1049	devdata
1050	struct
1051	integer
1052	also
1053	boot
1054	character
1055	unsigned
1056	clientid4
1057	source
1058	add
1059	internal
1060	4
1061	delegations
1062	foobar
1063	usage
1064	bool
1065	has
1066	reconstructs
1067	match
1068	On
1069	tests
1070	manage
1071	forces
1072	read
1073	evaluate
1074	possible
1075	reuse
1076	period
1077	open_claim_delegate_cur4
1078	possibly
1079	READs
1080	Rewrite
1081	partial
1082	similarly
1083	generated
1084	sequencing
1085	using
1086	bit
1087	unique
1088	stable
1089	fsid
1090	occurring
1091	Operations
1092	loss
1093	synchronization
1094	Difference
1095	like
1096	success
1097	bitmap4
1098	limit_by4
1099	performing
1100	server
1101	specific
1102	LOOKUP4res
1103	continue
1104	indication
1105	either
1106	follows
1107	Further
1108	Operation
1109	page
1110	names
1111	specifies
1112	because
1113	retransmit
1114	techniques
1115	sequence
1116	sends
1117	expiration
1118	Section
1119	creation
1120	some
1121	back
1122	An
1123	delegation
1124	understood
1125	deduce
1126	ACCESS4_READ
1127	specified
1128	proper
1129	unless
1130	classes
1131	matching
1132	reasons
1133	ACCESS4_MODIFY
1134	happens
1135	provided
1136	signifying
1137	NFS4ERR_BADTYPE
1138	for
1139	unlocked
1140	function
1141	avoid
1142	normal
1143	recorded
1144	However
1145	legal
1146	NFS4ERR_ACCESS
1147	disk
1148	Windows
1149	does
1150	provides
1151	denied
1152	Filename
1153	timestamps
1154	generally
1155	foo
1156	freed
1157	be
1158	object
1159	obey
1160	indicated
1161	NFSv2
1162	retains
1163	equivalent
1164	enum
1165	Up
1166	symlink
1167	flushes
1168	NFS4ERR_EXIST
1169	possess
1170	although
1171	offset
1172	lock_seqid
1173	prepared
1174	by
1175	OPEN4res
1176	First
1177	on
1178	about
1179	actual
1180	OPEN4_RESULT_LOCKTYPE_POSIX
1181	of
1182	meaning
1183	o
1184	OR
1185	seqid4
1186	browse
1187	range
1188	ensure
1189	OPEN4_SHARE_DENY_READ
1190	count4
1191	OPEN4_NOCREATE
1192	commit
1193	Defines
1194	or
1195	automatically
1196	allowing
1197	rebooted
1198	Use
1199	depart
1200	downgrading
1201	previously
1202	into
1203	within
1204	CLAIM_DELEGATE_CUR
1205	servers
1206	down
1207	appropriate
1208	seqid
1209	determine
1210	returning
1211	operator
1212	From
1213	Client
1214	OPEN
1215	methods
1216	rely
1217	attr_request
1218	Unless
1219	additional
1220	area
1221	GETATTR4resok
1222	assumed
1223	support
1224	there
1225	NFS4ERR_XDEV
1226	approximate
1227	long
1228	lost
1229	compliant
1230	gid
1231	filesize
1232	way
1233	resulted
1234	CLOSE
1235	filehandle
1236	was
1237	rflags
1238	opens
1239	lowest
1240	successfully
1241	complete
1242	triggered
1243	persistent
1244	something
1245	reclamation
1246	regard
1247	CREATE4args
1248	delayed
1249	but
1250	WRITE
1251	failure
1252	0x00000001
1253	link
1254	32767
1255	encoded
1256	removed
1257	with
1258	NFSv3
1259	truncation
1260	count
1261	absent
1262	partitioning
1263	made
1264	operating
1265	calls
1266	versions
1267	default
1268	up
1269	stores
1270	SHOULD
1271	record
1272	below
1273	limit
1274	dirty
1275	They
1276	NVERIFY4args
1277	Close
1278	store
1279	restarted
1280	stateid4
1281	purges
1282	nature
1283	delete
1284	NFS4ERR_SHARE_DENIED
1285	open_owner4
1286	ordered
1287	uid
1288	nfsace4
1289	overload
1290	reservations
1291	flush
1292	condition
1293	an
1294	To
1295	single
1296	exist
1297	at
1298	file
1299	Based
1300	NULL
1301	bytes_per_block
1302	operation
1303	open_write_delegation4
1304	asked
1305	Return
1306	no
1307	amounts
1308	LOCKT4args
1309	when
1310	Second
1311	virtual
1312	compares
1313	field
1314	other
1315	5
1316	buffers
1317	holding
1318	test
1319	OPEN4_SHARE_ACCESS_WRITE
1320	retrieval
1321	WRITEs
1322	duplicate
1323	requested
1324	elements
1325	Like
1326	stateid
1327	nfs_lock_type4
1328	OPEN_CONFIRM
1329	time
1330	update
1331	specdata4
1332	includes
1333	caching
1334	Look
1335	exported
1336	requester
1337	included
1338	reservation
1339	flushed
1340	structure
1341	unresponsive
1342	DELEGRETURN4args
1343	open_to_lock_owner4
1344	e
1345	DESCRIPTION
1346	NFS4ERR_DENIED
1347	assume
1348	requires
1349	required
1350	Thus
1351	pseudo
1352	together
1353	original
1354	As
1355	obj_attributes
1356	directory
1357	understand
1358	validation
1359	starting
1360	having
1361	once
